name,country_or_market,official_url,retrieved_date,homepage_sections_in_order,navigation,cta_labels,page_types,inspected_other_pages,linked_other_url_candidates,sitemap_declared_other_urls,sitemap_coverage,nap_status,nap_observation,imagery_observation,sources
Independent Family Doctors,United States,https://independentfamilydoctors.com/,2026-10-09,hero: Local welcome and relationship-based primary-care introduction | about: Founding story and membership-care explanation | locations_contact: Links to Boise and Caldwell location details | team: Three named clinician/operations team cards | testimonials: Two attributed patient quotations,Welcome | Our Story (home anchor) | Our Team (home anchor) | How it Works | Individuals / Families | Businesses | Costs | Sign Up | FAQs | Contact / Locations,See our Boise Location | See our Caldwell Location | Contact Us | How to Sign Up,about | practitioner_detail | pricing | booking | faq | contact | location | corporate,2,8,,no_parseable_urlset_retrieved,partial_missing_home_nap,"Brand agrees across home and contact. Home names Boise/Caldwell without street addresses or a telephone in retrieved text. Contact supplies Boise: 801 N. Stilson Rd., Boise ID 83703; Caldwell: 104 E. Pine Street, Caldwell ID 83605; Mon–Thu 7am–4pm. No public telephone seen in those retrieved documents, so phone consistency cannot be tested.","{""observation"": ""Image alt text names Dr Josh Leavitt, Jane Ankenbauer and Andrea Berry; markup also contains logo and an unlabeled story image. Portrait appearance was not visually verified."", ""evidence_type"": ""HTML img alt/src and adjacent document text; no visual rendering assessment"", ""confidence"": ""semantic_markup_only""}",https://independentfamilydoctors.com/ | https://independentfamilydoctors.com/contact/ | https://independentfamilydoctors.com/contact-us/
Family First Direct Primary Care,United States,https://www.familyfirstdirectprimarycare.com/,2026-10-09,hero: Personal and affordable medical-care positioning | benefits: Access and continuity explanations | team: Introduction to Aleea Gupta | about: Direct primary care model explanation | booking: Enrollment invitation,Home | Dr. Gupta | Services | Pricing | FAQs | Contact | DPC Resources | Español | Members Only,ENROLL NOW | Contact | Members Only,practitioner_detail | services | pricing | faq | contact | patient_resources | booking,1,7,13,available_urlsets_fetched,primary_nap_matches_additional_unlabeled_phone,"Header on home and contact shows 211 W Chicago Ave, Suite 210, Hinsdale IL 60521 and 630-286-9192; footer repeats the same phone. Contact also shows 386-204-7159 without a visible purpose label. Treat this as an additional unlabeled number, not proof of an incorrect primary phone.","{""observation"": ""Most content images have blank alt text; social icon alt text identifies Instagram, Facebook, TikTok and LinkedIn. Subject matter of blank-alt images is unverified."", ""evidence_type"": ""HTML img alt/src and adjacent document text; no visual rendering assessment"", ""confidence"": ""semantic_markup_only""}",https://www.familyfirstdirectprimarycare.com/ | https://www.familyfirstdirectprimarycare.com/contact
Plum Health Direct Primary Care,United States,https://www.plumhealthdpc.com/,2026-10-09,"hero: Membership-care proposition | benefits: Insurance, appointment time and billing differentiators | about: Direct-primary-care model explanation | testimonials: Attributed patient quotations and Google review reference | services: Included access, visits and wholesale-lab benefits | benefits: Longer appointments and ongoing availability | process: Three steps: join, meet provider, receive care | booking: Quiz and sign-up links",About DPC | Our Team | Services | Pricing | For Employers | Five named locations | Sign Up,Sign Up Now | Take the DPC Quiz | Explore Pricing | See Our Services,about | team | services | pricing | corporate | location | booking,1,15,1270,available_urlsets_fetched,branch_nap_observed_home_nap_absent,"Home retrieved text omits a street address and phone. Detroit branch page displays 1620 Michigan Ave, Suite 125, Detroit MI 48216; Phone (313) 444-5630; Fax (313) 724-3773; Mon–Fri 9am–5pm. Therefore branch details are observed, but home-to-branch phone/address consistency cannot be established.","{""observation"": ""Logo alt text is present; content images mostly lack alt text. Filenames reference virtual care, family and icons, which is only weak markup evidence of subject matter."", ""evidence_type"": ""HTML img alt/src and adjacent document text; no visual rendering assessment"", ""confidence"": ""semantic_markup_only""}",https://www.plumhealthdpc.com/ | https://www.plumhealthdpc.com/location | https://www.plumhealthdpc.com/detroit-direct-primary-care
Jubilee Clinic,United States,https://jubileeclinics.com/,2026-10-09,"hero: Marysville primary care and wellness introduction | services: Primary care, hyperbarics, infusions and facial service cards | about: Practice/team introduction | benefits: Reasons to choose the clinic | news: Founder podcast feature | pricing: Individual/family membership and enrollment amounts | faq: Membership questions | social: Social follow invitation | locations_contact: Clinic access and parking details | locations_contact: Phone, address and enquiry block | hours: Weekday opening schedule | booking: Closing care/contact invitation | partners: Partner phlebotomy booking",Home | Services | Direct Primary Care | Infusion | HBOT | Therapeutic Facials | Contact | About | Work With Us,Book a 15-Minute Discovery Call | Contact Us | Get Direct Primary Care | Schedule with Shield Phlebotomy,services | service_detail | about | contact | careers | legal,1,9,34,available_urlsets_fetched,potential_same_purpose_phone_conflict,"Home and contact main blocks both label Phone (360) 777-4090 and address 1519 9th St, Marysville WA 98270. Footer on both pages gives (360) 777-4095 beside the same address/email with no fax/after-hours label in retrieved text. This is an unresolved potential conflict between general-contact numbers, not evidence which number is wrong.","{""observation"": ""Logo is named in alt text; other content images have blank alt text. The founder feature is established by adjacent text, not visual inspection."", ""evidence_type"": ""HTML img alt/src and adjacent document text; no visual rendering assessment"", ""confidence"": ""semantic_markup_only""}",https://jubileeclinics.com/ | https://jubileeclinics.com/contact/
Spital Clinic,United Kingdom,https://www.spitalclinic.com/,2026-10-09,"hero: Central-London GP proposition, location choice and appointment prices | testimonials: Patient review cards with review-platform references | services: GP treatments and popular condition links | team: Five named GP profile cards | benefits: Appointment length, speed, integrated services and opening days | locations_contact: Two clinic cards with addresses and directions | locations_contact: Enquiry form | faq: Private GP questions | patient_resources: Emergency/controlled-drug service limitation note | booking: Closing appointment invitation",Individuals / Organisations | GP | Medicals | Locations | Prices | About | All services | Book a GP,Book a GP | Book Now | WhatsApp | Book at this clinic | Get directions | Contact Us,services | service_detail | team | practitioner_detail | location | pricing | about | contact | blog_news | corporate | careers | legal,3,57,241,available_urlsets_fetched,observed_primary_nap_matches,"Home clinic cards give 2nd Floor, 36 Spital Square, London E1 6DY and Regus offices, 16 Upper Woburn Place, London WC1H 0AF. Footer repeats these locations in shorter form and phone 020 3870 9099. Inspected branch pages repeat the corresponding address and shared phone; shortened floor/city wording is not treated as a conflict.","{""observation"": ""Alt text identifies clinician/team imagery, review/service icons, two clinic maps, and clinic branding. Those labels are directly observed; appearance and photo authenticity were not verified."", ""evidence_type"": ""HTML img alt/src and adjacent document text; no visual rendering assessment"", ""confidence"": ""semantic_markup_only""}",https://www.spitalclinic.com/ | https://www.spitalclinic.com/locations | https://www.spitalclinic.com/locations/city-of-london | https://www.spitalclinic.com/locations/euston
The GP Clinic London,United Kingdom,https://thegpcliniclondon.com/,2026-10-09,"hero: Rotating concierge, screening and preventive-care introduction | about: Practice approach and family-physician explanation | locations_contact: Premises introduction naming 25 Harley Street | services: Paediatrics, screening, home/hotel visits, second opinions, remote consultations, referrals and vaccinations | testimonials: Patient/colleague quotations | locations_contact: Contact and hours block naming 62 Wimpole Street",Home | About Us | Dr Raindi | Concierge Medicine | International Patients / Students | Services | Testimonials | Fees | Book online | Feedback | Out of Hours | E-Triage,Appointment | Book online | Book Appointment Online | Contact | E-Triage,about | practitioner_detail | services | service_detail | pricing | booking | contact | blog_news | patient_resources | legal,1,30,144,available_urlsets_fetched,potential_address_conflict_and_tel_target_mismatch,"Main phone 0207 118 1816 agrees across home/contact. Evening/weekend phone 07877 199 509 is explicitly labeled and distinct appropriately. Home premises heading/body names 25 Harley Street, while home contact block and contact page show 62 Wimpole Street, London W1G 8AJ: unresolved address-context conflict. Also home evening-number link label 07877 199 509 targets tel:07863 112 919, a directly observed label/target mismatch.","{""observation"": ""Alt text identifies concierge, screening, preventive care and service images, alongside phone/appointment image buttons. No raster imagery reviewed."", ""evidence_type"": ""HTML img alt/src and adjacent document text; no visual rendering assessment"", ""confidence"": ""semantic_markup_only""}",https://thegpcliniclondon.com/ | https://thegpcliniclondon.com/contact/
The Harley Street General Practice,United Kingdom,https://www.thehsgp.co.uk/,2026-10-09,hero: Private general-practice identity and establishment date | about: Founder and patient-care introduction | services: Primary-care overview | about: Care philosophy | pricing: Fees introduction | corporate: Employer-care introduction | testimonials: Attributed patient quotations,Home | About / Our GPs / Our Team / History | Patient Care | Health Assessments | Patient Information Sheets | Corporate Care | Our Fees | Contact Us,READ MORE | FIND OUT MORE | Contact Us,about | team | services | service_detail | patient_resources | corporate | pricing | contact | legal,1,18,21,available_urlsets_fetched,observed_primary_nap_matches,"Home footer and contact body/footer consistently identify The Harley Street General Practice, 110 Harley Street, London W1G 7JG, +44 (0)20 7486 6011. Separate registered office at Unit D, Heathmans House, 19 Heathmans Road, London SW6 4TJ is explicitly labeled; it is not a clinic-address mismatch.","{""observation"": ""Page credits name artwork and portrait creators; markup includes images. Credits establish an artwork/portrait treatment, while individual image appearance remains unverified."", ""evidence_type"": ""HTML img alt/src and adjacent document text; no visual rendering assessment"", ""confidence"": ""semantic_markup_only""}",https://www.thehsgp.co.uk/ | https://www.thehsgp.co.uk/contact-us/
Harley Street Health Centre,United Kingdom,https://www.harleyhealthcentre.com/,2026-10-09,"hero: GP consultation and blood-test promotion | booking: Online booking with two branch choices | services: Core GP, sexual-health, blood-test, visa-medical and therapy cards | about: Clinic introduction and care standards | testimonials: Reviews invitation | benefits: Experience, confidentiality and speed claims | trust: Press logos/coverage | about: Clinic vision | locations_contact: Virtual-tour invitation | testimonials: Patient review region | team: Named clinical team cards",GP | Tests | Dermatology | Visa Medicals | Health Checks | Corporate | About / Prices / Team / Blog | Contact | Online Booking,ONLINE BOOKING | Call Us | Get Directions | READ MORE | See all reviews,services | service_detail | corporate | about | pricing | team | blog_news | contact | location | booking | legal,1,142,524,available_urlsets_fetched,branch_nap_matches_additional_call_target,"Home/footer and contact identify Harley Street branch: 13 Queen Anne Street, London W1G 9JH, 020 7323 1023; City branch: 31 Old Broad St, London EC2N 1HT, 020 7101 0355. Contact adds Lombard Court to the City address. Those branch numbers agree; one generic Call Us link targets 020 3733 8262, so any canonical phone audit must inspect call tracking/routing before declaring it wrong.","{""observation"": ""Many image alts repeat the clinic brand, including review avatars; markup supports an image-rich site but does not identify every subject reliably. Team/virtual-tour treatment is supported by adjacent text."", ""evidence_type"": ""HTML img alt/src and adjacent document text; no visual rendering assessment"", ""confidence"": ""semantic_markup_only""}",https://www.harleyhealthcentre.com/ | https://www.harleyhealthcentre.com/contact
iFamily Medical Centre,Australia,https://www.ifamilymedicalcentre.com.au/,2026-10-09,"hero: Family medical care with booking/team links | services: Women, men, children, adolescents, mental and adult health cards | benefits: Affordability, access and multilingual support claims | pricing: Bulk-billing eligibility message | services: Injury, CTP and work-cover service cards | testimonials: Four attributed patient quotations | booking: Appointment invitation | locations_contact: Clinic introduction and street address",Home | About Us | Bulk Billing | Car Accident | Work Cover | CTP | Phone | Contact Us,Book an Appointment | Meet Our Doctors | Get in Touch | Book Now | Contact Us,about | services | service_detail | pricing | contact,1,6,6,available_urlsets_fetched,observed_primary_nap_matches_fax_resolved,"Home location block/footer and contact agree on Shop 4 & 5, 171–179 Queen Street, Campbelltown NSW 2560. Phone 02 4620 5050 repeats. Footer also shows 02 4620 5051; contact explicitly labels it (F), with 5050 labeled (P), resolving it as fax rather than an inconsistency.","{""observation"": ""Content images mostly have blank alt text. Clinic-visit section includes an image element; the scene and authenticity were not visually verified."", ""evidence_type"": ""HTML img alt/src and adjacent document text; no visual rendering assessment"", ""confidence"": ""semantic_markup_only""}",https://www.ifamilymedicalcentre.com.au/ | https://www.ifamilymedicalcentre.com.au/contact-us
Prahran East Medical Centre,Australia,https://www.prahraneastmc.com.au/,2026-10-09,"hero: Reception/waiting-area image carousel in markup | hours: GP hours and separately labeled locum coverage | news: Vaccine, staffing and practice updates | about: Family ownership and practice introduction | services: General practice special interests and allied-health support | trust: Accreditation and teaching-practice description | hours: Separate pathology collection hours | patient_resources: Recommended health-information links and privacy sheet | booking: Consultation link | locations_contact: Location region",Home | Services | Team | Fees | Book & Contact | Careers,book with us | book consultation | book now with the nurse | Apply now,services | team | pricing | booking | contact | careers | patient_resources | legal,1,5,16,available_urlsets_fetched,partial_home_nap_locum_number_labeled,"Brand agrees across home and booking/contact. Home has locum number 13 26 60 labeled as coverage outside normal hours; contact gives general Phone (03)9510-8888, Fax (03)9510-2666, 400 High St, Prahran VIC 3181. Distinct roles explain the numbers; full home-to-contact primary NAP consistency cannot be tested because home text does not repeat the primary NAP.","{""observation"": ""Alt text explicitly identifies reception area, waiting area, GP, locum logo and pathology logo. This is strong semantic markup evidence, not a visual assessment."", ""evidence_type"": ""HTML img alt/src and adjacent document text; no visual rendering assessment"", ""confidence"": ""semantic_markup_only""}",https://www.prahraneastmc.com.au/ | https://www.prahraneastmc.com.au/contact-us-find-us
Family Clinics Australia,Australia,https://www.familyclinics.com.au/,2026-10-09,"hero: Melbourne GP-services proposition and location chooser | trust: Experience, waiting-time and review counters | booking: Clinic-based booking chooser | about: Practice-support introduction | services: Eighteen service categories | booking: Location booking options | locations_contact: Branch addresses, phones, hours, parking and transport | faq: New-patient, appointment, after-hours, results and communication questions | news: Practice updates",Service Offerings | Clinics / Armadale / Caulfield South / Toorak | GPs We Support | Opportunities,View our locations | Book an Appointment | Repeat Prescription | Repeat Referral | More Information,about | services | service_detail | team | location | careers | blog_news,3,37,105,available_urlsets_fetched,observed_branch_nap_matches,"Home and inspected branch pages repeat Armadale: Ground Floor 1002–1004 High St, Armadale VIC 3143, (03)9509 1811; Caulfield South: 478 Kooyong Rd, VIC 3162, (03)9967 2662. After-hours numbers in FAQs are explicitly branch-labeled and not conflicts. Toorak is marked coming soon. Shared location blocks appear across pages, so matching copies do not prove operational status.","{""observation"": ""Alt text identifies clinic branding, Google-review badge, play button and a family consultation image. Some other images lack useful alt text."", ""evidence_type"": ""HTML img alt/src and adjacent document text; no visual rendering assessment"", ""confidence"": ""semantic_markup_only""}",https://www.familyclinics.com.au/ | https://www.familyclinics.com.au/location/armadale/ | https://www.familyclinics.com.au/location/caulfield-south/ | https://www.familyclinics.com.au/location/toorak/
Albert Road General Practice,Australia,https://albertroadgp.com.au/,2026-10-09,hero: General-practice and women’s-health introduction | hours: Phone/address and weekly opening schedule | about: Women’s-health approach | services: Integrated pregnancy and postpartum care | services: General medical and allied-health cards | booking: Closing appointment invitation,Home | About / Practitioners / Work With Us | Services | Fees & Bookings | Repeats | Your Health | Contact | Book Now,Book Appointment | Book Online | Find Out More | See All Our Services | Make an Appointment,about | team | practitioner_detail | careers | services | service_detail | pricing | booking | patient_resources | contact | legal,1,55,111,available_urlsets_fetched,nap_matches_hours_conflict,"Home contact block, footer and contact page agree on 38 Albert Road, South Melbourne VIC 3205 and Phone (03)9111 8959; Fax (03)9135 0844 is labeled. Hours conflict within home: hero-side schedule says Sunday closed, Saturday 9am–5pm and varied weekday closes, while footer says Sunday/Saturday 9am–6pm and weekdays 8:30am–11pm. The correct current hours are unresolved.","{""observation"": ""Logo alt text identifies Albert Road GP & Women’s Clinic; service imagery is mostly blank-alt, with physiotherapy named. Composition unverified."", ""evidence_type"": ""HTML img alt/src and adjacent document text; no visual rendering assessment"", ""confidence"": ""semantic_markup_only""}",https://albertroadgp.com.au/ | https://albertroadgp.com.au/contact/
Osler Health,Singapore,https://osler-health.com/,2026-10-09,observed_body_section: Hero with health-journey and doctor links | observed_body_section: Primary care introduction | observed_body_section: Four care principles | observed_body_section: Care categories for families and life stages | observed_body_section: Doctor introduction | observed_body_section: Continuity-of-care block (duplicated in source) | observed_body_section: Longevity approach and four related disciplines | observed_body_section: Two clinic contact cards and telemedicine card | observed_body_section: Closing consultation and patient-registration prompt,Doctors | Explore Care | Approach | Experience | Contact,Book a Consultation | Begin Your Health Journey | Meet Our Doctors | Register as a New Patient,team | services | service_detail | about | contact | location | booking | patient_resources | corporate | blog_news | legal,1,28,222,available_urlsets_fetched,observed_sampled_branch_nap_matches,"Home/footer: Raffles Hotel Arcade, 328 North Bridge Road #02-27, Raffles Hotel Arcade, Singapore 188719, +65 6332 2727; Star Vista, 1 Vista Exchange Green, # B1-27, The Star Vista Singapore, 138617, +65 6339 2727. Contact/location: Raffles Hotel Arcade, 328 North Bridge Road #02-27 Raffles Hotel Arcade Singapore 188719, +65 6332 2727. The sampled Raffles address, phone and WhatsApp match the homepage card after punctuation/spacing normalization. Star Vista contact page was not audited in this sample.","{""visual_inspection_performed"": false, ""metadata_observations"": ""Alt text identifies a running woman, a baby-related wellness image and Raffles Hotel Arcade; numerous other images use generic image labels. No visual/style or stock-versus-original judgement."", ""image_element_examples"": [{""alt"": ""Osler Health logo"", ""url"": ""https://osler-health.com/_next/image?url=https%3A%2F%2Fcms.osler-health.com%2Fapi%2Fmedia%2Ffile%2Flogo.png&w=640&q=75""}, {""alt"": ""woman running"", ""url"": ""https://osler-health.com/_next/image?url=https%3A%2F%2Fcms.osler-health.com%2Fapi%2Fmedia%2Ffile%2FLifestyle%2520Medicine&w=3840&q=75""}, {""alt"": ""image"", ""url"": ""https://osler-health.com/_next/image?url=https%3A%2F%2Fcms.osler-health.com%2Fapi%2Fmedia%2Ffile%2Fimage%25201%2520(2).png&w=3840&q=75""}, {""alt"": ""image"", ""url"": ""https://osler-health.com/_next/image?url=https%3A%2F%2Fcms.osler-health.com%2Fapi%2Fmedia%2Ffile%2Flongevity%2520dna&w=3840&q=75""}, {""alt"": ""image"", ""url"": ""https://osler-health.com/_next/image?url=https%3A%2F%2Fcms.osler-health.com%2Fapi%2Fmedia%2Ffile%2Ftinmay-yu-CZHKfayP2Y4-unsplash.jpg&w=3840&q=75""}, {""alt"": ""image"", ""url"": ""https://osler-health.com/_next/image?url=https%3A%2F%2Fcms.osler-health.com%2Fapi%2Fmedia%2Ffile%2Fjonathan-borba-8C_IaqAujwM-unsplash.jpg&w=3840&q=75""}], ""limit"": ""Alt text and filenames are evidence about markup, not verified picture subjects, layout, visual quality or authenticity.""}",https://osler-health.com/ | https://osler-health.com/raffles-hotel-arcade-clinic
Proactive For Her,India,https://proactiveforher.com/,2026-10-09,"observed_body_section: Hero with schedule and chat controls | observed_body_section: Three patient/review/care metrics | observed_body_section: Eight condition categories | observed_body_section: Three statements about consultation experience | observed_body_section: Four service categories | observed_body_section: Patient testimonials | observed_body_section: Outcomes tabs, including a vaginismus programme | observed_body_section: Programme and expansion news | observed_body_section: Help prompt",Care For Her | Locations | About Us | Tools | Book Now | Login,Book Now | Schedule appointment | Chat with us | Join the Next Batch,location | about | booking,2,4,960,available_urlsets_fetched,main_nap_incomplete_legacy_phones_unresolved,"Home/footer: Proactive For Her. Contact/location: Indiranagar Clinic; Indiranagar Clinic, No. 610, 12th main, HAL 2nd stage, Indiranagar, Bengaluru, Karnataka 560038, +919882080808. Main-domain home and locations pages cannot establish full NAP consistency because street/telephone fields were not present in extracted text. Official clinic subdomain lists an Indiranagar address and two call numbers in different blocks; their intended routing/currentness is unexplained, so this is a verification item, not proof of an incorrect number.","{""visual_inspection_performed"": false, ""metadata_observations"": ""Hero alt repeats the headline; condition/service image alts name cancer prevention, fertility, menstrual, mental, pelvic and sexual health. Location image alts name individual clinics. Subjects and visual style were not viewed."", ""image_element_examples"": [{""alt"": ""Proactive For Her Logo"", ""url"": ""https://pfh-images-production.s3.ap-south-1.amazonaws.com/PFH_Logo_61fe2fe011.svg""}, {""alt"": ""Welcome to women's healthcare that puts you at the centre."", ""url"": ""https://proactiveforher.com/_next/image/?url=https%3A%2F%2Fpfh-images-production.s3.ap-south-1.amazonaws.com%2FHero_Image_1_e54d12f321.png&w=3840&q=75""}, {""alt"": ""Cancer Prevention"", ""url"": ""https://proactiveforher.com/_next/image/?url=https%3A%2F%2Fpfh-images-production.s3.ap-south-1.amazonaws.com%2FCancer_Prevention_14bbd48f4d.png&w=3840&q=75""}, {""alt"": ""Egg Freezing and Fertility"", ""url"": ""https://proactiveforher.com/_next/image/?url=https%3A%2F%2Fpfh-images-production.s3.ap-south-1.amazonaws.com%2FFertility_and_Pregnancy_ed03bc81ee.png&w=3840&q=75""}, {""alt"": ""Menstrual Health"", ""url"": ""https://proactiveforher.com/_next/image/?url=https%3A%2F%2Fpfh-testing-images.s3.ap-south-1.amazonaws.com%2FPregnancy_f7a9d66f75.png&w=3840&q=75""}, {""alt"": ""Mental Health"", ""url"": ""https://proactiveforher.com/_next/image/?url=https%3A%2F%2Fpfh-testing-images.s3.ap-south-1.amazonaws.com%2FMental_Health_3_0e2d20265f.png&w=3840&q=75""}], ""limit"": ""Alt text and filenames are evidence about markup, not verified picture subjects, layout, visual quality or authenticity.""}",https://proactiveforher.com/ | https://proactiveforher.com/locations/ | https://blrclinic.proactiveforher.com/contact-us/
Ponsonby Medical Centre,New Zealand,https://ponsonbymedical.co.nz/,2026-10-09,"observed_body_section: Boutique-practice introductory banner | observed_body_section: Welcome, enrolment and consultation-mode information | observed_body_section: Phone-consultation update | observed_body_section: General-practice service list | observed_body_section: Contact details, weekly hours and after-hours care",About Us | Meet the Team | News | Service Fees & Enrolment | Contact Us,Book Appointment | repeat prescription | Enrol with Us,about | team | blog_news | pricing | contact | legal,1,6,,no_parseable_urlset_retrieved,nap_matches_accessibility_copy_conflict,"Home/footer: Ponsonby Medical Centre, 1 Vermont Street, Ponsonby, Auckland 1011, 09 378 7916. Contact/location: Ponsonby Medical Centre, 1 Vermont St, Ponsonby, Auckland 1011, 09 378 7916. Street/St formatting and main telephone agree. Homepage warns that the upstairs heritage building may be difficult to access; contact page displays Wheelchair Access Available. This is conflicting accessibility copy requiring clinic verification. Contact page also retains a closure notice reopening 12 Jan 2026.","{""visual_inspection_performed"": false, ""metadata_observations"": ""All extracted img alt attributes are empty. Filenames include PMC-Phone-Consult, access_02/access_06, ThirdAge-Logo, southerncross and cornerstone; filenames alone do not establish displayed subjects or accreditation."", ""image_element_examples"": [{""alt"": """", ""url"": ""https://ponsonbymedical.co.nz/wp-content/uploads/2026/03/PMC_logo_landscape_rgb.png""}, {""alt"": """", ""url"": ""https://ponsonbymedical.co.nz/wp-content/uploads/2025/10/PMC-Phone-Consult-1024x1024.png""}, {""alt"": """", ""url"": ""https://ponsonbymedical.co.nz/wp-content/uploads/2024/10/access_02.jpg""}, {""alt"": """", ""url"": ""https://ponsonbymedical.co.nz/wp-content/uploads/2024/10/access_06.jpg""}, {""alt"": """", ""url"": ""https://ponsonbymedical.co.nz/wp-content/uploads/2024/10/ThirdAge-Logo.png""}, {""alt"": """", ""url"": ""https://ponsonbymedical.co.nz/wp-content/uploads/2024/10/southerncross.png""}], ""limit"": ""Alt text and filenames are evidence about markup, not verified picture subjects, layout, visual quality or authenticity.""}",https://ponsonbymedical.co.nz/ | https://ponsonbymedical.co.nz/contact-us/
Queen Street Doctors,New Zealand,https://queenstreetdoctors.co.nz/,2026-10-09,observed_body_section: Practice title and established-year statement | observed_body_section: IUD service teaser | observed_body_section: Diabetes update teaser | observed_body_section: Practice introduction and relocation/access explanation | observed_body_section: Team link and navigation-like shortcuts,Our Team | Services | Enrolment | Fees | Latest Updates | Contact | Book an Appointment,Book an Appointment | Read More: IUDs | Contact,team | services | service_detail | patient_resources | pricing | blog_news | contact | legal,1,9,30,available_urlsets_fetched,address_matches_home_phone_not_observed,"Home/footer: Queen Street Doctors, Floor 3, Infosys Building, 79 Queen Street, Auckland 1010. Contact/location: Queen Street Doctors, Floor 3, Infosys Building, 79 Queen Street, Auckland 1010, +64 9 373 4055. Current address agrees between homepage footer and contact page. Homepage mentions the former 87 Queen Street premises only as relocation history, not a competing current address. Home-to-contact telephone comparison is unavailable because no home phone was extracted.","{""visual_inspection_performed"": false, ""metadata_observations"": ""Logo alts are present, but all three content-image alts are empty. Filenames identify iucd, diabetes and about assets; actual image subjects were not viewed."", ""image_element_examples"": [{""alt"": ""logo"", ""url"": ""https://queenstreetdoctors.co.nz/wp-content/uploads/2026/02/Queen-Street-Doctors_Logo_RGB.svg""}, {""alt"": ""logo"", ""url"": ""https://queenstreetdoctors.co.nz/wp-content/uploads/2026/02/Queen-Street-Doctors_Logo_RGB_REV.svg""}, {""alt"": """", ""url"": ""https://queenstreetdoctors.co.nz/wp-content/uploads/2026/07/iucd-uai-1280x720.jpg""}, {""alt"": """", ""url"": ""https://queenstreetdoctors.co.nz/wp-content/uploads/2026/07/diabetes-uai-1280x720.jpg""}, {""alt"": """", ""url"": ""https://queenstreetdoctors.co.nz/wp-content/uploads/2026/03/about.jpg""}], ""limit"": ""Alt text and filenames are evidence about markup, not verified picture subjects, layout, visual quality or authenticity.""}",https://queenstreetdoctors.co.nz/ | https://queenstreetdoctors.co.nz/contact/
Integra Health,Canada,https://www.integrahealth.ca/,2026-10-09,"observed_body_section: Hero, five booking pathways and activity/review metrics | observed_body_section: Six service divisions | observed_body_section: Three care benefits | observed_body_section: Direct-billing information and insurer image strip | observed_body_section: Client testimonials | observed_body_section: Clinician article cards | observed_body_section: Service-selection intake form | observed_body_section: Newsletter form",Clinic Services | Corporate Services | About Us | Book Now,Book Medical | Book Rehab & Wellness | Book Mental Health | Book Integra SkinLab | Book Integra Men,services | service_detail | about | contact | blog_news | corporate | careers | legal,1,47,268,available_urlsets_fetched,observed_sampled_nap_matches,"Home/footer: Integra Health — Exchange Tower, 130 King St. West, Suite 3600, Toronto, ON M5X1C8, 416-777-9355; Integra Health — Commerce Court, 199 Bay Street, The PATH, Toronto, ON M5L 1E8, 416-777-9355. Contact/location: The Exchange Tower, 3600-130 King Street West - 36th floor, Toronto, Ontario M5X 1C8, (416) 777-9355; Commerce Court, PATH Level - 199 Bay St - West Wing, Unit C-126, Toronto, Ontario M5L 1E8, (416) 777-9355. Exchange Tower suite 3600/36th-floor descriptions and main phone agree. Contact adds Commerce Court unit C-126 and West Wing details absent from the abbreviated homepage footer; no contradictory address was found. Fax (416) 777-9365 is separately labelled.","{""visual_inspection_performed"": false, ""metadata_observations"": ""Service image alts include medical care, rehab and wellness, mindspace and integra health toronto. Many logo/insurer/illustration assets have empty alt text; one newsletter success icon retains a template-library alt. Subjects were not visually inspected."", ""image_element_examples"": [{""alt"": """", ""url"": ""https://cdn.prod.website-files.com/625336b62561022c71564b39/62dd006add50814607dfae79_Logo%20White.png""}, {""alt"": """", ""url"": ""https://cdn.prod.website-files.com/625336b62561022c71564b39/67d758be37d59632f0f7e15c_250fbf1db62c3c00dd3a83340c5d14ca_Sophia%20Logo.webp""}, {""alt"": """", ""url"": ""https://cdn.prod.website-files.com/625336b62561022c71564b39/67d758be37d59632f0f7e15b_Menu.svg""}, {""alt"": """", ""url"": ""https://cdn.prod.website-files.com/625336b62561022c71564b39/67d758be37d59632f0f7e15a_X%20(1).svg""}, {""alt"": """", ""url"": ""https://cdn.prod.website-files.com/625336b62561022c71564b39/67c945709eaebfe7a432bde1_Star.svg""}, {""alt"": ""medical care"", ""url"": ""https://cdn.prod.website-files.com/625336b62561022c71564b39/67ca9547fab00af9de711a72_1aff801e3fb172446df9d71572fe28bf_Medical%20Care.webp""}], ""limit"": ""Alt text and filenames are evidence about markup, not verified picture subjects, layout, visual quality or authenticity.""}",https://www.integrahealth.ca/ | https://www.integrahealth.ca/contact-us
Camden Medical,Ireland,https://www.camdenmedical.ie/,2026-10-09,observed_body_section: Headline and general-practice introduction | observed_body_section: Health-screening feature | observed_body_section: Women’s-health feature | observed_body_section: Repeat-prescription feature | observed_body_section: All-services link,Our Services | Health Screens | About | Fees | Resources | Contact Us | Gift Cards,Book now: Health Screens | Read More: Women’s Health | Order Now | View All Services,services | service_detail | about | pricing | patient_resources | contact,1,9,13,available_urlsets_fetched,observed_nap_matches_role_labeled_numbers,"Home/footer: Camden Medical, The Meath Primary Care Centre, Heytesbury Street, Dublin 8, 01 453 6636. Contact/location: Camden Medical, The Meath Primary Care Centre, Heytesbury Street, Dublin 8, 01 453 6636. Clinic name, address and practice phone agree. Contact distinguishes clinic hours from shorter phone-line hours. Dubdoc 01 454 5607 and Doctor on Duty 01 420 0880 are explicitly separate out-of-hours providers for different doctors’ patients.","{""visual_inspection_performed"": false, ""metadata_observations"": ""Native content img alts are empty (logo alt names the clinic). Web extraction supplies descriptive image labels for beach runners, an outdoor woman and a pharmacy handover, but these were not visually viewed and should not be treated as confirmed native alt text."", ""image_element_examples"": [{""alt"": ""CAMDEN MEDICAL"", ""url"": ""https://images.squarespace-cdn.com/content/v1/62e4fb8f21c67144609d7719/a597f33d-2772-436d-9703-a43c33099845/Camden_Medical_Logo_2000px_.png?format=1500w""}, {""alt"": """", ""url"": ""https://images.squarespace-cdn.com/content/v1/62e4fb8f21c67144609d7719/3f9deb47-2720-401a-ba2b-3f602b42dffc/Our-Services.jpg""}, {""alt"": """", ""url"": ""https://images.squarespace-cdn.com/content/v1/62e4fb8f21c67144609d7719/4ef77ad2-ba17-47cc-8f67-fddfa39316b1/Health-Screens.jpg""}, {""alt"": """", ""url"": ""https://images.squarespace-cdn.com/content/v1/62e4fb8f21c67144609d7719/85a93b5f-741c-4e17-b3a3-21c28a75933d/edward-cisneros-_H6wpor9mjs-unsplash.jpg""}, {""alt"": """", ""url"": ""https://images.squarespace-cdn.com/content/v1/62e4fb8f21c67144609d7719/364d65b1-2b65-48a5-9de2-0e8c1dbd9405/Repeat-Prescriptions.jpg""}, {""alt"": """", ""url"": ""https://images.squarespace-cdn.com/content/v1/62e4fb8f21c67144609d7719/6616dfb7-f14c-4e4a-8bf0-359505da8fdb/Camden_Medical_exterior.jpg""}], ""limit"": ""Alt text and filenames are evidence about markup, not verified picture subjects, layout, visual quality or authenticity.""}",https://www.camdenmedical.ie/ | https://www.camdenmedical.ie/contact-us
MyFamilyGP,South Africa,https://myfamily.gp/,2026-10-09,"observed_body_section: Hero with booking, doctor link and compact contact line | observed_body_section: Practice introduction | observed_body_section: Five care commitments | observed_body_section: Patient groups served | observed_body_section: Four need-based service routes | observed_body_section: Four doctor profiles | observed_body_section: Contact details, hours and booking links",Home | About | Doctors | Services | Fees | Contact | Book Now,Book an appointment | Meet our doctors | Contact us,about | team | practitioner_detail | service_detail | pricing | contact | legal,1,30,,no_parseable_urlset_retrieved,observed_nap_matches_role_labeled_numbers,"Home/footer: MyFamilyGP, Suite 404, 4th Floor, Sea Point Medical Centre, 11 Kloof Road, Sea Point, Cape Town 8005, 021 439 6060. Contact/location: MyFamilyGP, Suite 404, 4th Floor, Sea Point Medical Centre, 11 Kloof Road, Sea Point, Cape Town 8005, 021 439 6060. Full address and local practice phone agree. Contact explicitly restricts +27 63 486 5810 WhatsApp to patients abroad; emergency service numbers and accounts email have separate purposes.","{""visual_inspection_performed"": false, ""metadata_observations"": ""Image alts identify the MyFamilyGP logo and four named doctors. No patient/clinic imagery, visual palette or originality claim is inferred from those alts."", ""image_element_examples"": [{""alt"": ""MyFamilyGP"", ""url"": ""https://myfamily.gp/assets/images/logo-transparent.png""}, {""alt"": ""Dr Anastacia Tomson"", ""url"": ""https://myfamily.gp/assets/images/dr-tomson.jpg""}, {""alt"": ""Dr Orit Laskov"", ""url"": ""https://myfamily.gp/assets/images/dr-laskov.jpg""}, {""alt"": ""Dr Dion Dorfman"", ""url"": ""https://myfamily.gp/assets/images/dr-dorfman.png""}, {""alt"": ""Dr Mumtaz Abbas"", ""url"": ""https://myfamily.gp/assets/images/dr-abbas.png""}, {""alt"": ""MyFamilyGP"", ""url"": ""https://myfamily.gp/assets/images/logo-white.png""}], ""limit"": ""Alt text and filenames are evidence about markup, not verified picture subjects, layout, visual quality or authenticity.""}",https://myfamily.gp/ | https://myfamily.gp/contact
Somerset Clinic,United Arab Emirates,https://www.somersetclinic.ae/,2026-10-09,observed_body_section: Hero and brief care statement | observed_body_section: Years/patients metric and clinic story | observed_body_section: Clinic-tour video cover/introduction | observed_body_section: Four service cards | observed_body_section: Nine practitioner cards,Home | About | Services | Doctors | Media | Contact | FAQ | Book Appointment,Book Appointment | View All Services | Learn More: Paediatrics,about | services | service_detail | team | practitioner_detail | contact | faq | booking | blog_news,1,26,26,available_urlsets_fetched,partial_home_address_additional_unlabeled_phone,"Home/footer: Somerset Clinic, Dubai Healthcare City, UAE (no full street/building address in homepage footer), +971 4 361 24 04. Contact/location: Somerset Clinic, Ground Floor, Building 47 Dubai Healthcare City - Numbers 4,5,6,7, Dubai Healthcare City, Dubai, United Arab Emirates, +971 4 361 24 04. Primary appointment phone/email agree. Contact supplies the building/unit detail missing from homepage. Contact also displays +971 4 361 24 03 as an additional phone while the primary call links use ...24 04; the extra number’s role is unspecified and requires routing verification, not an assertion of error.","{""visual_inspection_performed"": false, ""metadata_observations"": ""Alts label hero, clinic team/patients, video cover, service icons and named doctors. Hero filename includes shutterstock_1528651937; that filename suggests a stock asset but licensing and actual visual content were not checked."", ""image_element_examples"": [{""alt"": ""Somerset Clinic"", ""url"": ""https://www.somersetclinic.ae/assets/logo.BzicPyW1_ZqUnyq.webp""}, {""alt"": """", ""url"": ""https://www.somersetclinic.ae/images/icons/vaccines-logo.png""}, {""alt"": ""Somerset Clinic Hero"", ""url"": ""https://www.somersetclinic.ae/images/home/hero/shutterstock_1528651937_800.webp""}, {""alt"": ""Somerset Clinic team and patients at Dubai Healthcare City"", ""url"": ""https://www.somersetclinic.ae/assets/our-story.1-LT1eqa_1Kuani.webp""}, {""alt"": ""Somerset Clinic Video Cover"", ""url"": ""https://www.somersetclinic.ae/assets/somerset-clinic-min.CsbmRArK_Z23EuMx.webp""}, {""alt"": ""Paediatrics service icon"", ""url"": ""https://www.somersetclinic.ae/assets/icon.BzS1cyCV_Zr0NJA.svg""}], ""limit"": ""Alt text and filenames are evidence about markup, not verified picture subjects, layout, visual quality or authenticity.""}",https://www.somersetclinic.ae/ | https://www.somersetclinic.ae/contact
Klinik Setia City,Malaysia,https://kliniksetiacity.com.my/,2026-10-09,observed_body_section: Welcome heading/intro and WhatsApp prompt (heading repeated in DOM) | observed_body_section: Three care benefits | observed_body_section: Google-labelled patient review widget | observed_body_section: Twelve outpatient service labels | observed_body_section: Clinic gallery | observed_body_section: Closing WhatsApp prompt,Home | About Us | Our Services | Blog | Contact Us | Doctor On Duty | Make Appointment,Make Appointment | Doctor On Duty | Whatsapp Us,about | services | blog_news | contact,1,4,19,available_urlsets_fetched,phone_matches_home_address_not_observed,"Home/footer: Klinik Setia City, +603 3341 9894. Contact/location: Klinik Setia City, 3-1-1, Jalan Setia Prima A U13/A, Setia Alam, Seksyen U13, 40170 Shah Alam, Selangor, 03-3341 9894. Practice telephone and mobile careline agree after Malaysian domestic trunk-prefix/international-prefix normalization. Full address is absent from home footer but present on contact. Careline and main phone are different labelled channels.","{""visual_inspection_performed"": false, ""metadata_observations"": ""Gallery contains multiple WebP image elements with empty alt text and sequential klinik-setia-city/klinik-setia-alam filenames. Clinic-logo alts are present; gallery subjects were not viewed."", ""image_element_examples"": [{""alt"": ""Klinik Setia City"", ""url"": ""https://kliniksetiacity.com.my/wp-content/uploads/2024/03/Klinik-Setia-City-horizontal.png""}, {""alt"": """", ""url"": ""https://kliniksetiacity.com.my/wp-content/uploads/2026/08/klinik-setia-city-klinik-setia-alam-11.webp""}, {""alt"": """", ""url"": ""https://kliniksetiacity.com.my/wp-content/uploads/2026/08/klinik-setia-city-klinik-setia-alam-12.webp""}, {""alt"": """", ""url"": ""https://kliniksetiacity.com.my/wp-content/uploads/2026/08/klinik-setia-city-klinik-setia-alam-13.webp""}, {""alt"": """", ""url"": ""https://kliniksetiacity.com.my/wp-content/uploads/2026/08/klinik-setia-city-klinik-setia-alam-01.webp""}, {""alt"": """", ""url"": ""https://kliniksetiacity.com.my/wp-content/uploads/2026/08/klinik-setia-city-klinik-setia-alam-03.webp""}], ""limit"": ""Alt text and filenames are evidence about markup, not verified picture subjects, layout, visual quality or authenticity.""}",https://kliniksetiacity.com.my/ | https://kliniksetiacity.com.my/contact/
Central Health Medical Practice,Hong Kong,https://www.centralhealth.com.hk/,2026-10-09,"observed_body_section: Family-doctor/specialist opening and appointment prompt | observed_body_section: Doctor, new-patient and service shortcuts | observed_body_section: Six service-category cards | observed_body_section: Patient-information leaflet/resource cards | observed_body_section: Health/contact callout",Our Team | Services | About Us | Resources | Contact Us | Updates | Login | EN / 繁,Make an Appointment | Find a Doctor | NEW Patient Registration | Find a Service,team | services | service_detail | about | contact | booking | patient_resources | blog_news | careers,1,50,282,available_urlsets_fetched,observed_branch_nap_matches,"Home/footer: Central Health Hong Kong, 37th Floor, New World Tower 1, 16–18 Queen’s Road Central, +852 2824 0822; Southside, One Island South, Suite 615, 6th Floor, 2 Heung Yip Road, Hong Kong, +852 2592 9000; Discovery Bay, Shop 109A, Discovery Bay Plaza, Discovery Bay, Hong Kong, +852 2987 7575. Contact/location: Central Health - Hong Kong, 37th Floor, New World Tower 1, 16–18 Queen’s Road Central, Central, Hong Kong, +852 2824 0822; Central Health - Southside, 6th Floor, One Island South, Suite 615, 2 Heung Yip Road, Hong Kong, +852 2592 9000; Central Health - Discovery Bay, Shop 109A, Discovery Bay Plaza, Discovery Bay, Hong Kong, +852 2987 7575. The three branch addresses and branch phones agree after ordering/spacing normalization. Central’s separate Unit 501, 5/F allied-health address is expressly a different service suite, not a competing Central GP address. +852 6101 7673 appointment WhatsApp and +852 9288 1613 Chinese booking WhatsApp are separately labelled.","{""visual_inspection_performed"": false, ""metadata_observations"": ""Extracted image elements, including resource thumbnails and logo, have empty alt text. Filenames include screenshot/date-style assets; no content or provenance inference is made from them."", ""image_element_examples"": [{""alt"": """", ""url"": ""https://www.centralhealth.com.hk/wp-content/uploads/2023/02/CentralHealth_Logo_Stacked_HK_Pos_RGB_300dpi-scaled.png""}, {""alt"": """", ""url"": ""https://www.centralhealth.com.hk/wp-content/uploads/2023/02/Group-89.png""}, {""alt"": """", ""url"": ""https://www.centralhealth.com.hk/wp-content/uploads/2026/07/WhatsApp-Image-2026-07-14-at-7.30.53-PM.jpeg""}, {""alt"": """", ""url"": ""https://www.centralhealth.com.hk/wp-content/uploads/2026/07/WhatsApp-Image-2026-07-14-at-5.56.26-PM.jpeg""}, {""alt"": """", ""url"": ""https://www.centralhealth.com.hk/wp-content/uploads/2026/07/Screenshot-2026-07-14-145028.jpg""}, {""alt"": """", ""url"": ""https://www.centralhealth.com.hk/wp-content/uploads/2026/01/Optimising-Your-Health-Before-Between-and-After-Pregnancies-1.png""}], ""limit"": ""Alt text and filenames are evidence about markup, not verified picture subjects, layout, visual quality or authenticity.""}",https://www.centralhealth.com.hk/ | https://www.centralhealth.com.hk/contact-us/
OT&P Healthcare,Hong Kong,https://www.otandp.com/,2026-10-09,"observed_body_section: Hero with appointment CTA | observed_body_section: Popular patient-service links | observed_body_section: Clinic-location carousel | observed_body_section: Group introduction | observed_body_section: Six care/package feature cards | observed_body_section: Hospital-admission-rights feature | observed_body_section: News, podcast and health-information cards | observed_body_section: Service/insurance/digital/pharmacy/accreditation benefit grid | observed_body_section: Health-app prompt | observed_body_section: Longevity-resource prompt",About | Our Clinics | Patient service categories | Packages | Resources | Events | Insurance | Languages,Book an Appointment | Our Practitioners | Our Locations | Patient Services,about | services | service_detail | team | contact | location | booking | faq | blog_news | patient_resources | corporate | careers | legal,2,78,2840,available_urlsets_fetched,observed_sampled_branch_nap_matches,"Home/footer: OT&P Central General Practice, 5/F, Century Square, 1 D’Aguilar Street, Central, HK, 2155 9055. Contact/location: OT&P Central General Practice Clinic, 5/F Century Square, 1 D’Aguilar Street, Central, HK, +852 2521 3181. Sampled Central GP address agrees across homepage menu, contact directory and branch page. Header 2155 9055 matches the branch page’s appointment number. Branch Tel 2521 3181 and fax 2521 3858 are distinct labelled purposes, not conflicts.","{""visual_inspection_performed"": false, ""metadata_observations"": ""Detailed menu image alts describe clinic interiors, reception areas, a patient lounge, an examination room and physiotherapy treatment. Body alts identify clinic and resource assets, podcast banners and app graphic. These are source descriptions; images were not visually viewed."", ""image_element_examples"": [{""alt"": ""logo-rgb"", ""url"": ""https://www.otandp.com/hubfs/website-2022/logo-rgb.svg""}, {""alt"": ""The interior of OT&P’s general practice clinic in Central"", ""url"": ""https://www.otandp.com/hubfs/images/menu/Central%20GP%20Clinic%20menu%20bar.jpeg""}, {""alt"": ""The interior of OT&P’s Repulse Bay clinic"", ""url"": ""https://www.otandp.com/hubfs/images/menu/img-menu-rb.jpeg""}, {""alt"": ""Clearwater Bay OT&P Clinic Interior"", ""url"": ""https://www.otandp.com/hubfs/images/menu/clearwater%20bay%20menu%20bar.jpeg""}, {""alt"": ""A physiotherapist conducting physiotherapy on a patient at the BodyWorX facility at OT&P"", ""url"": ""https://www.otandp.com/hubfs/Bodyworx%20menu%20image.jpeg""}, {""alt"": ""The interior of a clinic examination room at OT&P surrounded by state-of-the-art healthcare equipment"", ""url"": ""https://www.otandp.com/hubfs/central%20specialist%20clinic%20menu%20pic%20cropped.jpeg""}], ""limit"": ""Alt text and filenames are evidence about markup, not verified picture subjects, layout, visual quality or authenticity.""}",https://www.otandp.com/ | https://www.otandp.com/contact | https://www.otandp.com/clinics/central-general-practice-clinic
International Medical Clinic (IMC),Singapore,https://www.imc-healthcare.com/,2026-10-09,observed_body_section: Medical-clinic hero | observed_body_section: Ten service category cards | observed_body_section: Practice introduction and contact/booking links | observed_body_section: Five location cards | observed_body_section: Doctor-card carousel with languages and training information | observed_body_section: Patient-information hub with six resource routes | observed_body_section: Three recent article cards | observed_body_section: Closing online-booking prompt,Doctors | Services | Psychology | Paediatrics | Locations | Insurance | Patient Info | Blog | Contact | 中文医疗服务,Book Online | Contact Us | Meet the IMC Doctors,services | service_detail | team | practitioner_detail | contact | location | booking | faq | blog_news | patient_resources,2,59,721,available_urlsets_fetched,sampled_phone_matches_home_address_incomplete,"Home/footer: International Medical Clinic (IMC), 6733 4440. Contact/location: IMC Camden Medical Clinic, 1 Orchard Blvd, #14-05/06/07 Camden Medical Centre, Orchard Blvd, Singapore 248649, +65 6733 4440. Homepage/global contact telephone matches the sampled Camden branch after country-code normalization. Full home-to-branch address comparison cannot be made because homepage only names locations. Other branch NAP not audited.","{""visual_inspection_performed"": false, ""metadata_observations"": ""Alt text identifies travel-health consultation, women’s health, minor procedures, targeted medicals and children at a paediatric clinic. Many doctor/location images have empty alts. No visual judgement or source authenticity claim."", ""image_element_examples"": [{""alt"": ""Health Screening Singapore - Family Medical Clinic - IMC"", ""url"": ""https://www.imc-healthcare.com/wp-content/uploads/2019/01/IMC-Healthcare-Logo-with-Tagline-1024x184.png""}, {""alt"": """", ""url"": ""https://www.imc-healthcare.com/wp-content/uploads/2024/05/International-Medical-Centre-Psychology-Team.jpg""}, {""alt"": ""international medical clinic imc travel health travel medicine"", ""url"": ""https://www.imc-healthcare.com/wp-content/uploads/2022/12/imc-travel-medicine-consult.jpg""}, {""alt"": """", ""url"": ""https://www.imc-healthcare.com/wp-content/uploads/2025/06/IMC-Healthcare-Doctors-1.jpg""}, {""alt"": ""Empowering Women's Health in Singapore, our comprehensive healthcare services are tailored for women."", ""url"": ""https://www.imc-healthcare.com/wp-content/uploads/2022/12/imc-womens-health.jpg""}, {""alt"": """", ""url"": ""https://www.imc-healthcare.com/wp-content/uploads/2025/06/IMC-Healthcare-FAQ-Page.jpg""}], ""limit"": ""Alt text and filenames are evidence about markup, not verified picture subjects, layout, visual quality or authenticity.""}",https://www.imc-healthcare.com/ | https://www.imc-healthcare.com/contact-us/ | https://www.imc-healthcare.com/locations/camden/
